{
	"ultrawarm": false,
	"natural": true,
	"coordinate_scale": 0.00001,
	"has_skylight": true,
	"has_ceiling": false,
	"ambient_light": 0.0,
	"fixed_time": 1000,
	"monster_spawn_light_level": {
		"type": "constant",
		"value": 0
	},
	"monster_spawn_block_light_limit": 0,
	"piglin_safe": false,
	"bed_works": true,
	"respawn_anchor_works": false,
	"has_raids": false,
	"logical_height": 0,
	"min_y": 0,
	"height": 256,
	"infiniburn": "#system:fire",
	"effects": "minecraft:overworld"
}